Employee ID,Age,Working Hour,Typing Speed,Loan,Gender,Salary
223540,27,9,57,No,F,956725
524626,21,6,31,No,O,72255
730043,53,9,71,No,F,487332
269047,53,9,101,Yes,M,981336
297372,42,7,40,No,F,204563
244377,42,6,36,No,F,405578
479994,43,7,99,Yes,M,428583
603055,57,7,107,No,M,658763
850817,47,5,65,No,O,611629
893523,26,5,34,Yes,M,894787
369188,30,6,98,Yes,M,680521
557115,27,9,68,No,F,339712
288013,58,6,53,No,F,797477
785869,24,7,43,No,M,417277
995473,59,8,34,Yes,M,339894
731473,33,7,48,No,F,580442
551723,24,6,96,No,F,184753
168031,20,8,87,Yes,M,660517
539793,42,9,109,No,O,992351
857512,55,9,109,Yes,M,435012
650551,40,9,83,No,F,63368
142308,35,6,117,No,F,511231
590345,56,5,47,No,M,972111
232418,52,8,119,No,F,706139
943220,50,9,85,No,O,954320
589570,51,9,37,No,M,290194
802354,30,6,107,Yes,M,939752
613493,42,6,55,No,F,235609
494642,51,8,35,No,M,627049
959593,20,8,36,No,F,426555
577912,30,7,66,Yes,M,663722
254441,37,9,103,No,F,346649
928778,32,7,117,No,O,689082
813735,26,8,77,Yes,M,668547
142134,54,5,41,No,O,384536
713490,37,6,61,No,F,673219
294731,21,5,47,No,F,937991
748253,31,7,50,No,F,688861
997412,29,7,111,Yes,M,673803
369643,37,9,42,Yes,M,800734
823809,21,7,96,No,F,600593
663598,25,7,63,No,M,202200
309527,33,6,60,No,F,81973
551726,57,7,120,No,F,320003
636633,57,5,118,No,M,609315
823888,34,9,35,No,M,813860
469701,44,6,116,No,F,340984
480540,24,5,66,Yes,M,934742
196155,30,8,94,No,O,170520
643386,30,5,91,No,F,893948
379800,44,9,88,Yes,M,152087
230484,56,7,83,No,M,76502
468391,37,7,41,Yes,M,900215
264050,20,9,61,No,F,241301
764755,59,8,118,No,F,624075
437257,57,7,106,No,M,871532
794776,56,6,66,No,M,292674
469595,51,7,50,No,O,267961
911262,21,9,40,Yes,M,235567
830357,60,9,57,No,M,407202
841489,22,5,109,No,F,484937
603931,55,6,33,No,F,144187
579971,51,6,74,No,M,526256
801546,42,8,38,No,F,69852
997710,46,5,43,Yes,M,616670
510300,36,6,71,Yes,M,241551
418198,28,9,63,No,F,294405
361681,43,8,51,Yes,M,748047
830258,33,7,81,No,O,972781
775468,56,5,107,No,F,465367
612045,58,5,63,No,F,265463
191247,30,7,97,Yes,M,196976
832846,54,5,101,No,M,973192
553572,55,6,51,No,F,86342
147606,27,5,30,No,F,581777
104021,54,7,106,No,F,623170
679140,26,8,73,No,F,78297
740662,41,8,87,No,F,448818
955889,59,8,98,No,O,862500
542422,49,6,79,No,F,923277
573476,29,9,97,Yes,M,907961
509955,52,7,47,Yes,M,117705
830281,34,8,99,No,F,56567
323848,58,8,32,Yes,M,599293
936512,23,6,94,Yes,M,638137
367809,59,7,86,No,F,887268
300718,21,8,52,No,F,865039
353414,36,7,32,Yes,M,813368
434684,59,9,38,No,F,542314
799306,26,8,63,No,F,961382
577282,28,8,71,No,F,273708
515853,44,9,83,No,F,323534
358125,48,7,96,No,M,747777
812100,55,9,63,No,F,389260
342019,55,7,86,No,F,425415
506885,45,5,46,Yes,M,318176
634578,58,5,114,No,F,881496
917890,29,7,41,Yes,M,316320
159104,30,7,41,Yes,M,337006
320641,38,5,112,No,F,743155
441836,55,8,75,No,M,790093
810396,56,8,70,No,F,452572
853997,45,6,117,No,O,588948
718804,47,9,45,No,F,197749
376699,37,8,70,No,F,643168
692789,53,6,96,Yes,M,330349
534547,28,5,36,Yes,M,756754
397702,41,5,104,No,O,745598
819496,20,5,42,Yes,M,76980
877995,47,9,40,No,F,645739
656492,30,6,73,No,O,911773
989253,36,7,77,No,F,890058
639605,57,9,38,No,M,772569
751242,32,6,97,Yes,M,494215
672307,31,6,45,No,F,112810
177142,51,5,34,No,M,625693
544954,24,7,87,No,F,932334
851733,28,8,97,No,M,396249
439230,36,8,69,No,F,510801
230380,45,7,117,No,F,63338
224479,20,6,53,Yes,M,375114
161947,30,9,113,No,M,822231
452967,40,7,30,No,F,517557
985692,40,7,72,Yes,M,711637
752332,39,6,73,Yes,M,165461
462791,34,7,85,No,O,147089
963410,51,7,81,No,F,798608
600595,48,6,99,Yes,M,783282
411136,30,6,97,No,M,294201
443821,38,6,43,No,O,977457
270364,40,6,39,No,F,61204
454879,56,7,117,No,M,836422
563183,30,5,44,No,M,296472
795898,36,7,35,Yes,M,908832
167515,52,9,105,Yes,M,345464
743485,40,8,52,No,F,67422
141087,32,6,92,Yes,M,311845
144963,20,8,38,Yes,M,995423
934490,34,5,47,Yes,M,958140
923385,29,6,115,No,F,540429
880180,57,5,43,No,O,297545
266398,25,5,66,Yes,M,694295
930394,32,9,110,No,F,690831
621635,48,5,105,No,O,644772
604950,26,9,69,No,F,334235
875510,25,5,33,No,M,884895
760570,36,6,59,No,F,946956
790605,55,6,104,Yes,M,884027
218754,43,6,117,No,O,182665
214152,53,9,78,No,F,593956
337585,45,8,110,Yes,M,752260
589313,26,7,98,Yes,M,543053
724306,55,5,113,No,O,359811
367694,32,7,72,Yes,M,888175
123609,60,5,49,Yes,M,862638
582859,55,5,93,Yes,M,798132
802803,36,7,118,Yes,M,110316
810234,48,6,67,Yes,M,228055
176626,31,8,109,No,O,175005
276572,35,8,55,No,M,788421
388141,32,9,49,No,F,315415
496507,47,5,120,Yes,M,896335
986291,34,8,94,No,F,380193
522842,49,7,92,No,O,334455
465908,60,9,47,No,M,224010
975789,54,6,30,No,F,260075
463539,37,8,77,No,F,389935
882435,49,8,72,No,F,385355
286086,22,6,83,No,O,560011
177656,42,8,111,Yes,M,957305
876033,40,7,92,No,F,489881
767942,29,5,37,No,F,493331
369955,60,5,35,No,O,950814
276607,59,7,92,Yes,M,171525
233568,46,5,71,No,F,787275
452853,26,7,108,No,F,855786
928402,53,9,65,Yes,M,117746
973084,44,7,115,Yes,M,748150
458607,23,5,78,No,F,759274
212511,23,7,45,No,F,800853
539380,26,9,84,Yes,M,727010
289241,42,6,71,No,M,959077
643852,47,9,78,No,M,916976
669078,34,9,107,Yes,M,622699
547360,31,7,96,No,M,151858
182538,48,6,103,No,O,175730
775261,39,8,89,Yes,M,968729
578783,28,5,59,Yes,M,171475
564785,45,9,113,No,F,774482
792710,26,7,57,Yes,M,192289
782134,38,6,52,No,F,955632
587336,44,8,90,No,M,865610
714117,44,9,86,No,M,440441
437639,59,5,78,Yes,M,540539
690842,33,5,94,No,F,339934
907461,40,8,81,Yes,M,85384
779933,35,8,65,No,F,743778
464397,51,8,62,No,M,255477
446805,42,9,66,No,F,672771
845863,22,6,74,No,F,327208
878940,41,9,30,No,F,978297
885922,29,6,78,No,F,737739
759565,46,7,40,No,F,488867
866520,32,9,37,Yes,M,468635
889085,35,8,88,Yes,M,92565
688490,49,8,35,No,F,101012
343086,52,7,113,Yes,M,320201
715500,49,7,86,No,F,950426
573250,49,5,93,No,F,935761
216329,44,7,107,No,F,178524
217089,49,8,95,No,F,473067
560154,42,5,57,No,F,936633
208380,31,8,112,No,O,523001
418212,36,7,81,No,F,326850
984079,23,5,34,No,F,811647
972857,38,8,72,No,M,205876
725046,24,9,94,No,F,167661
199955,48,8,70,Yes,M,996972
699974,43,6,45,No,M,978509
959843,24,8,39,No,M,974477
942571,59,7,68,Yes,M,381679
155967,49,6,47,Yes,M,764725
222174,49,5,36,Yes,M,681836
979956,52,6,53,Yes,M,477619
236463,60,9,97,No,O,752965
588338,20,5,53,No,M,467551
357046,27,9,119,Yes,M,110004
903192,47,7,81,Yes,M,626146
853044,59,6,92,No,F,332872
811238,26,8,41,No,M,520392
545501,56,5,98,No,F,950583
528166,32,9,113,Yes,M,245805
307713,29,8,53,No,F,881658
932945,48,9,73,No,M,406061
382475,56,5,57,Yes,M,263618
358899,43,6,49,No,O,831746
709006,56,5,99,No,F,162876
597490,27,5,50,No,F,620060
647716,57,9,116,No,M,770948
784398,29,8,108,No,M,578501
305552,44,9,107,No,F,123788
355249,45,6,83,Yes,M,604945
548525,34,6,95,No,M,114929
687954,29,5,116,Yes,M,81903
240878,23,7,111,No,F,191930
234741,49,9,94,No,M,945587
574937,23,7,80,No,F,771618
169278,51,8,31,No,M,389596
970868,25,9,54,No,F,287213
573783,36,5,81,No,M,207835
332665,21,5,54,Yes,M,179740
102047,38,9,64,No,F,427742
821960,34,8,31,Yes,M,989244
418058,21,8,91,Yes,M,139824
844225,57,5,88,No,F,888307
152274,60,5,35,No,O,718048
902507,31,8,75,Yes,M,903239
838255,42,5,70,Yes,M,766257
122348,24,6,73,No,F,228303
749441,45,6,83,Yes,M,234355
990571,33,9,91,Yes,M,813606
494658,46,8,73,No,F,384681
995306,56,6,93,No,M,290233
385827,32,7,113,No,M,464783
680374,47,9,87,No,M,484546
818597,42,5,41,No,M,391869
824275,41,9,31,No,M,972579
363051,40,6,75,No,M,655286
651603,30,5,35,Yes,M,570388
769162,48,7,112,No,M,950692
240691,50,8,34,No,M,443882
238419,52,9,93,No,F,278484
569871,29,7,67,No,O,965563
252573,21,8,52,No,M,712394
963064,40,9,114,No,O,206897
803247,36,8,48,No,O,79549
111754,25,8,30,No,F,610013
700483,56,8,111,Yes,M,615289
710221,25,6,79,No,O,479105
780915,22,8,58,No,F,824691
306385,43,5,72,Yes,M,154062
180671,29,8,86,Yes,M,322497
828244,43,6,81,Yes,M,946356
116410,47,7,38,No,O,787181
591226,41,7,107,No,F,837587
132107,49,9,96,No,O,939533
431553,57,6,116,No,F,775364
794972,42,8,70,No,F,931114
940314,42,9,94,No,M,476463
687856,45,7,90,No,F,124864
338494,44,9,65,Yes,M,510997
517535,30,5,67,No,F,400690
752640,58,9,47,Yes,M,216639
390392,42,9,94,Yes,M,990898
792466,37,7,36,No,F,470780
955514,42,6,50,No,M,490068
134437,21,5,48,No,F,80226
713911,42,9,32,No,F,131257
626444,59,9,59,Yes,M,453267
914894,26,7,62,Yes,M,1000859
514583,33,6,91,Yes,M,884875
486073,23,5,108,No,F,659003
445751,27,8,46,No,F,571713
987731,33,5,61,Yes,M,742890
903612,42,6,85,Yes,M,111954
519617,26,9,36,No,M,374542
701556,43,5,45,No,M,728807
353870,28,6,50,Yes,M,125892
632777,47,8,100,Yes,M,78663
560421,53,6,68,No,F,979971
292048,51,7,89,Yes,M,928352
244368,26,7,48,No,O,73638
926209,38,5,120,No,M,573290
477999,57,5,52,No,F,499243
166322,52,9,95,No,M,406737
336129,23,6,94,Yes,M,838664
643703,29,5,92,No,F,592114
844281,46,9,113,Yes,M,190615
793100,40,9,75,No,F,883476
556351,54,5,60,Yes,M,756914
205477,23,7,30,No,M,974803
899613,36,5,109,No,M,683507
274041,25,9,102,No,F,592737
531843,46,8,36,No,F,818842
643895,27,7,100,No,F,124591
560065,42,6,66,Yes,M,75249
343116,42,5,30,No,F,276126
834373,40,8,77,Yes,M,411379
367345,46,6,65,Yes,M,408999
423560,45,9,105,Yes,M,782578
366854,37,9,58,Yes,M,566768
918178,37,8,50,No,F,717303
686597,29,9,49,Yes,M,557717
190743,44,5,111,No,F,117894
239825,49,7,60,No,F,249788
235687,53,8,37,Yes,M,615001
294067,38,5,61,Yes,M,481650
209630,37,7,31,No,F,708088
258913,50,8,61,Yes,M,893085
280455,21,6,30,Yes,M,940419
176102,34,8,30,No,M,824784
149032,59,6,63,No,F,148707
909795,28,7,92,Yes,M,820613
179645,44,8,30,No,F,182751
580493,52,7,31,No,F,59011
335797,55,7,113,No,M,534786
449255,23,6,84,Yes,M,604789
778233,50,6,48,No,F,90739
210991,58,9,49,Yes,M,330749
446259,43,6,37,No,F,286265
902480,32,8,96,No,M,237077
248767,37,8,90,No,F,652817
854639,40,8,60,Yes,M,674838
133436,39,9,59,No,F,64707
878200,60,5,113,No,O,773078
485010,37,8,108,No,O,775594
532858,27,8,67,No,M,772768
117648,37,9,120,No,F,667245
972433,37,6,53,Yes,M,967035
990202,35,9,90,No,F,575339
503378,50,8,38,Yes,M,323090
944339,22,7,112,Yes,M,639257
316398,30,8,39,Yes,M,735222
234688,47,6,62,No,M,181220
247978,40,5,53,No,F,248334
440703,50,5,34,Yes,M,252797
378027,52,5,39,Yes,M,593490
370558,23,7,113,No,F,733010
115774,26,6,56,No,F,864938
512110,26,5,118,Yes,M,563150
241320,58,7,66,Yes,M,583871
110570,41,9,80,Yes,M,286381
616245,37,6,120,No,F,127373
909283,51,5,35,No,M,598769
390648,28,7,45,Yes,M,124471
462784,57,6,66,No,M,591864
816872,23,5,64,Yes,M,370799
664990,36,6,90,Yes,M,350646
425561,46,6,98,No,M,123445
941650,49,9,33,No,F,130592
536274,38,9,60,No,F,407940
176679,49,7,33,No,F,100094
737222,44,7,84,Yes,M,388963
359390,52,5,70,No,M,971945
912611,54,8,61,No,F,643453
918259,33,9,94,No,F,800719
756174,28,8,72,No,F,521756
800573,59,7,60,Yes,M,97385
218567,30,8,84,Yes,M,236402
905690,44,6,70,Yes,M,692369
499999,25,7,30,No,M,411838
612373,49,8,116,No,F,395134
933100,37,6,74,No,F,790770
145516,21,8,38,No,M,282869
962400,24,5,110,Yes,M,560574
949070,46,7,85,Yes,M,249849
830221,23,5,79,No,F,232677
196843,51,6,102,No,O,967521
888954,33,6,101,No,O,658494
134209,34,5,100,Yes,M,249312
414801,46,8,91,No,F,641588
905266,57,9,83,No,F,702169
794937,23,7,77,No,F,114788
466652,49,8,60,No,F,322332
912712,52,9,102,Yes,M,849210
880079,56,6,109,No,F,223892
462896,20,9,79,No,F,339102
601221,35,9,56,Yes,M,656555
477738,43,6,61,Yes,M,290905
912509,30,5,76,No,F,195145
500820,49,7,73,No,F,462749
635411,57,5,101,No,F,319132
999283,51,8,97,No,O,593504
643322,25,5,108,Yes,M,299476
932072,45,8,31,No,F,398514
872975,47,5,68,No,F,988110
560491,27,8,39,Yes,M,853553
312774,48,7,64,No,M,664278
434814,47,8,48,No,O,240888
672783,45,7,115,No,F,259813
423253,59,7,116,No,M,174812
666275,42,6,50,No,F,417989
169076,31,6,73,No,O,967184
351363,34,9,91,No,F,390152
954375,46,7,99,No,O,491287
830027,23,5,110,No,F,967308
127653,33,8,91,No,O,560969
706991,30,6,60,Yes,M,183604
381976,53,8,116,No,F,299800
693003,35,5,109,No,M,505287
339271,34,5,95,No,M,913816
119846,59,6,53,Yes,M,775292
927306,36,6,95,No,F,920258
562412,32,6,119,No,F,977392
526835,41,5,119,Yes,M,152029
944646,48,9,57,No,F,567873
797837,27,6,71,Yes,M,419833
969159,43,6,117,No,F,689471
510668,30,7,61,Yes,M,263676
911794,36,8,52,No,F,77376
361237,24,9,85,No,O,208040
946301,22,7,66,No,M,955008
270942,25,8,87,No,M,287511
104553,25,6,58,Yes,M,228672
205526,22,5,89,No,F,477616
449062,28,7,39,Yes,M,878865
192536,50,7,51,No,F,842172
653529,51,6,117,No,F,373500
578800,41,5,39,No,F,650635
326478,56,6,94,No,M,674312
453423,55,7,31,Yes,M,761232
639008,43,9,54,Yes,M,881343
573082,48,9,61,No,M,153241
356998,55,8,103,Yes,M,220250
123251,48,6,55,No,F,1004292
122691,47,9,38,Yes,M,373667
984288,32,8,75,Yes,M,525950
737085,40,8,51,No,F,400881
160025,55,8,67,Yes,M,613703
962712,33,7,120,Yes,M,998000
267919,56,8,80,No,F,278810
867209,22,6,90,Yes,M,371735
154952,21,7,105,Yes,M,367586
819028,24,7,108,No,F,838635
699878,25,9,32,No,M,758970
123808,36,7,35,Yes,M,633787
579748,57,9,91,No,O,237983
930456,60,7,111,Yes,M,738079
616137,56,9,57,Yes,M,833262
275611,42,7,75,No,F,639620
557627,38,6,73,No,M,935315
427895,46,8,112,Yes,M,243297
377338,51,5,89,No,F,146803
815153,28,5,102,No,O,170879
311927,39,6,104,No,O,238799
339440,53,6,107,No,M,1002788
736897,37,6,74,No,F,412737
519718,42,9,47,Yes,M,751219
470420,26,8,75,No,O,343124
523797,42,7,54,Yes,M,146333
312076,29,6,114,No,M,216225
724511,55,7,73,Yes,M,58422
134870,25,7,65,No,O,388876
284524,45,5,87,No,M,885162
511152,46,8,73,No,O,557902
333216,45,5,96,No,F,242616
114179,45,6,39,No,F,966709
993059,24,7,117,Yes,M,448404
308141,37,9,116,No,F,405672
967032,27,5,109,No,M,971480
651625,50,7,49,No,O,521841
716661,48,5,100,Yes,M,818119
732579,22,7,77,No,M,567482
304742,58,8,115,Yes,M,876340
555384,52,6,37,No,O,831832
925088,57,5,49,No,M,509596
652265,49,9,116,Yes,M,397330
401106,22,9,51,Yes,M,739514
286594,27,6,39,Yes,M,563253
758851,23,5,65,No,F,205723
741024,50,8,78,Yes,M,934619
312531,51,7,45,No,M,903421
925286,20,6,117,No,M,514038
694332,34,8,80,No,M,336886
632885,55,9,75,No,F,82137
707941,31,7,86,No,M,342371
650372,44,6,91,Yes,M,937108
762282,36,7,103,Yes,M,933537
142962,23,8,69,Yes,M,617444
771560,58,8,95,No,M,674973
749370,55,9,91,No,O,394639
659521,32,5,104,No,O,609043
199991,39,7,74,No,F,850413
541194,33,7,109,No,M,197027
311213,55,5,37,No,F,746497
883907,56,7,45,No,M,881096
458805,43,8,112,No,F,355001
752420,60,7,112,No,M,191288
282641,53,7,86,No,F,299365
956795,40,5,44,No,O,592516
696540,20,5,49,Yes,M,129042
976987,42,9,105,No,O,109693
384917,33,8,110,No,F,147759
841058,53,9,92,Yes,M,469703
759583,33,9,105,No,F,706736
925018,50,6,58,No,F,446071
928782,60,7,99,No,F,542714
133317,36,9,86,Yes,M,758983
851972,25,7,35,Yes,M,73734
424307,59,5,58,No,F,698355
367335,29,6,93,Yes,M,985871
188252,28,6,94,No,F,655098
903613,31,6,67,No,O,999722
613908,23,6,82,Yes,M,413789
511010,23,9,90,No,F,207310
705769,27,6,70,Yes,M,680362
975056,52,5,75,Yes,M,922693
347686,41,9,115,No,O,175194
464730,29,6,98,No,F,559681
275637,37,5,94,No,O,793090
355355,26,8,96,No,F,135309
413162,28,8,82,Yes,M,518720
709738,43,8,32,No,F,583146
610119,47,6,111,Yes,M,932938
265331,57,8,40,Yes,M,569910
255956,45,7,33,No,M,333070
179242,44,7,36,No,M,69619
222561,21,5,111,Yes,M,980327
788384,30,8,103,No,M,229598
549388,21,7,120,No,F,332163
212550,51,7,31,No,F,157530
423074,39,5,40,No,M,653163
502938,22,9,102,No,M,746562
112501,47,9,71,No,F,769647
167760,40,6,101,No,F,496832
610235,52,9,50,No,F,804339
395402,41,8,104,No,O,659689
827081,21,7,78,Yes,M,517357
321696,45,5,115,Yes,M,580621
251727,35,8,82,Yes,M,70571
888060,55,5,72,No,F,101917
404831,22,6,76,No,O,485878
281084,34,8,106,No,M,691580
168200,59,8,63,No,F,812906
845225,45,5,84,No,M,561725
576019,56,6,114,Yes,M,988876
659810,27,9,66,Yes,M,338241
149327,26,9,41,No,O,888974
663959,53,6,48,No,F,609761
779484,47,8,74,Yes,M,414668
937337,31,7,31,No,O,795185
163090,43,5,32,No,F,160608
373252,60,6,41,No,M,735177
893748,40,5,33,No,F,489917
769050,50,8,44,No,O,308570
817359,44,7,41,No,O,337833
649203,58,9,77,No,M,477999
134211,21,6,113,No,M,672993
333882,24,9,100,No,F,288154
527850,35,8,44,No,F,964748
416326,33,5,51,No,F,770964
200466,46,7,36,Yes,M,400432
961717,57,9,107,No,M,849956
495402,25,6,83,No,M,263240
675612,53,8,82,No,F,453644
555794,49,9,120,Yes,M,625679
459774,49,6,73,No,F,120881
143072,23,8,95,No,F,980003
423722,31,8,44,Yes,M,328164
517227,46,5,35,Yes,M,717162
901468,23,6,70,No,M,474101
560774,33,9,67,No,M,985401
175885,42,7,87,Yes,M,598352
634877,31,7,71,No,M,868708
865839,54,5,85,No,M,572991
900070,55,9,53,No,F,960851
132657,34,6,100,No,F,794169
173648,35,6,41,No,F,77628
880224,22,7,57,Yes,M,658065
672639,20,7,39,Yes,M,284028
847256,54,6,58,No,M,296405
378018,47,8,103,No,F,738515
481626,57,8,90,No,M,694455
459180,46,7,105,No,M,612067
443724,37,5,57,No,M,141887
688776,56,9,49,No,F,85500
356580,30,9,119,No,F,602504
202291,51,8,44,No,F,163606
758320,23,6,72,Yes,M,810292
492437,30,5,116,No,F,297344
386347,43,9,40,No,F,904618
976769,49,5,100,No,M,203755
878480,36,6,60,No,M,494685
765372,42,9,113,No,M,703369
987026,31,7,99,Yes,M,605373
279399,59,5,40,No,F,904837
281515,51,8,60,Yes,M,563988
356054,41,7,41,No,M,810705
211995,51,9,91,No,M,431265
929552,28,6,80,No,F,781449
163313,58,8,53,No,F,582234
435138,51,8,117,Yes,M,239197
756837,26,6,65,Yes,M,829689
961599,39,8,30,No,F,188863
270283,20,7,101,No,F,532316
987031,21,6,54,No,F,931689
521253,31,6,89,Yes,M,448587
642704,20,5,54,No,F,385447
764035,55,9,87,No,F,202202
131068,36,6,118,No,F,303062
710955,40,8,106,No,O,931343
724993,35,6,32,Yes,M,731488
615825,56,5,67,No,F,957984
895465,56,8,63,No,F,598571
692308,26,7,90,No,M,234908
142247,53,9,44,No,O,263953
742921,25,9,57,Yes,M,901697
819661,24,6,78,No,F,990372
745410,37,7,30,No,O,237398
905118,60,7,41,No,F,571690
646593,27,6,113,No,F,499810
359826,43,5,84,No,F,197249
756380,40,5,83,Yes,M,793470
581700,58,6,54,Yes,M,502354
695972,38,7,118,Yes,M,68768
281791,59,9,98,No,M,820981
465586,39,9,60,No,M,122139
477210,36,5,91,No,F,290261
154132,28,5,79,Yes,M,750087
820260,55,8,39,No,M,789773
889681,60,6,87,No,M,362981
785551,39,9,49,No,F,614344
101740,25,7,98,No,F,88769
405387,42,7,103,Yes,M,773498
732536,57,9,60,Yes,M,618636
536452,45,7,81,No,F,753352
102745,43,5,102,No,F,656805
844391,32,8,33,Yes,M,809843
396927,40,7,61,No,M,612055
835371,51,7,46,No,F,822771
369498,37,6,38,Yes,M,571114
355585,24,6,78,No,F,404415
102958,53,5,32,No,F,857324
511617,47,9,96,Yes,M,81569
171010,50,9,79,No,F,894312
793969,43,9,99,No,F,781457
119570,46,8,73,No,F,200366
219607,30,8,119,No,F,170073
231652,39,7,67,No,F,510169
604016,58,9,109,No,O,320294
173963,22,8,35,Yes,M,517875
855258,53,6,63,No,M,334954
305367,46,5,30,No,F,596133
458843,60,5,56,No,O,548584
566746,54,8,98,Yes,M,635820
410391,29,7,72,No,F,81472
165736,36,5,63,Yes,M,245019
903641,24,5,46,Yes,M,670479
268610,38,7,86,No,M,566574
710703,37,8,69,Yes,M,770805
163078,22,7,54,No,F,758891
559338,46,8,104,Yes,M,59170
774530,34,8,89,No,F,137244
278439,51,8,41,Yes,M,643201
478939,56,5,65,No,F,982285
483941,48,6,40,Yes,M,86705
537017,46,7,107,No,M,210951
200439,34,6,101,Yes,M,278229
563208,28,7,38,Yes,M,783368
529030,59,9,59,No,M,228384
421930,36,9,36,Yes,M,354502
251452,28,9,76,No,M,247535
610349,36,7,75,No,F,315745
945281,27,5,112,No,F,993132
194836,43,7,101,No,M,417643
534242,58,7,99,Yes,M,91835
439638,35,7,104,No,F,959156
547600,45,8,49,No,F,303285
242505,45,9,110,Yes,M,291147
240391,23,6,80,No,O,225630
994486,26,7,37,No,F,879643
570635,35,8,86,No,M,178547
921204,51,8,111,Yes,M,868072
153358,58,9,71,No,F,132564
251665,51,6,93,No,M,373201
681148,30,9,51,No,F,556639
851739,52,7,116,Yes,M,438695
379021,39,7,117,No,F,658065
702810,41,5,118,No,O,977716
745012,33,5,73,Yes,M,876660
548378,44,7,33,Yes,M,588308
888987,31,6,54,Yes,M,649756
401063,46,5,54,No,F,558539
206667,60,8,100,No,F,661389
639711,33,6,76,No,F,302853
310055,21,7,61,Yes,M,454358
841770,45,8,94,No,M,953830
339839,40,6,61,No,M,692049
637264,44,6,84,No,F,980473
729884,38,8,49,No,M,627518
543111,55,7,63,No,M,731009
845805,54,7,109,No,F,142862
524416,46,5,84,No,F,460737
738795,28,5,47,No,F,730772
240643,60,5,96,Yes,M,937957
185028,27,7,71,Yes,M,933297
490207,29,5,80,No,M,567051
846277,35,7,99,No,M,494210
328433,47,6,111,Yes,M,939948
240504,42,5,111,Yes,M,884688
536342,36,5,33,No,F,416322
379935,35,9,67,No,F,789817
269819,32,6,48,No,F,757740
153485,25,6,92,No,M,817570
809325,36,7,33,Yes,M,827055
676101,26,7,41,No,F,832205
325433,38,7,75,Yes,M,977130
247530,54,5,116,Yes,M,354713
545294,34,7,101,Yes,M,326608
829986,59,7,42,No,F,214269
517928,23,6,89,Yes,M,576275
766798,31,8,50,No,F,955279
407945,39,8,38,No,F,674839
625007,49,7,90,No,F,814622
171640,26,7,63,No,M,134926
776080,31,6,73,No,O,249708
392281,29,5,70,No,F,673894
469043,55,7,91,Yes,M,116090
551748,55,5,50,No,M,463053
927234,58,9,46,No,F,479992
179489,25,8,63,No,F,559013
651398,46,7,98,No,F,198474
242356,40,5,56,No,O,957549
976095,46,5,95,No,M,551830
819348,35,6,30,Yes,M,252605
993691,28,6,81,Yes,M,579566
536382,60,7,82,No,M,593928
420901,58,5,81,No,M,822053
594066,22,6,81,Yes,M,241064
393580,35,6,35,No,O,960767
532297,58,6,64,No,M,134034
876464,46,8,89,Yes,M,547514
644943,59,5,86,Yes,M,414446
652240,28,7,77,Yes,M,968876
724549,47,6,111,Yes,M,895816
187379,37,5,57,No,F,770052
392066,56,6,34,Yes,M,405702
297410,34,8,68,No,F,870578
247137,41,9,72,No,M,92351
840981,24,7,111,Yes,M,364732
182581,49,9,59,Yes,M,813179
980578,45,7,30,Yes,M,916491
198678,21,5,83,No,M,163498
179978,35,8,107,Yes,M,749147
831504,41,6,57,No,F,316681
114586,47,7,70,Yes,M,849792
324854,32,9,113,No,F,490006
607097,21,8,65,No,F,655605
834787,25,5,119,Yes,M,139321
627265,29,8,56,No,O,283587
578296,35,9,109,No,F,229595
494757,25,5,79,No,M,600862
857308,60,9,67,No,M,770071
221056,55,7,45,No,F,829136
267925,45,7,55,Yes,M,898272
331447,52,9,86,Yes,M,79148
373702,33,7,91,No,M,351864
110397,40,6,58,No,O,606423
567973,48,6,40,No,M,796262
679120,54,6,78,No,F,87547
648517,51,5,51,Yes,M,132183
540037,29,8,80,No,M,973121
108888,58,8,94,No,M,57407
584694,43,6,42,No,O,644576
293883,48,6,82,No,M,830383
744558,24,8,82,Yes,M,656243
633147,20,5,42,No,F,810962
854223,43,6,53,No,F,759977
186220,26,6,66,No,M,278155
238857,58,6,31,Yes,M,917507
668812,34,7,37,No,F,319744
374962,45,7,119,No,O,622678
322686,55,5,108,No,F,665981
123601,49,9,101,No,F,740593
541338,57,8,68,No,M,959376
528746,48,5,43,No,M,964376
429945,57,5,118,No,M,971548
358475,24,8,104,Yes,M,331361
448287,39,5,105,No,F,972211
861880,60,6,62,No,O,841802
341199,34,6,46,No,F,820865
855781,26,6,99,No,O,244495
685677,31,7,108,Yes,M,185411
803863,30,8,31,No,F,667318
683114,47,8,86,No,F,136138
107884,20,9,95,Yes,M,920275
774589,58,8,33,Yes,M,818455
132117,42,8,113,No,F,175444
590350,25,6,61,No,F,896773
503633,29,5,74,No,O,821896
792179,51,6,67,Yes,M,781560
209174,30,6,116,No,M,638399
769499,43,7,82,No,O,161210
260837,47,6,101,No,F,136814
968008,27,5,104,No,F,917920
156402,20,8,59,No,F,65145
981930,33,6,44,Yes,M,792010
405384,29,9,67,No,M,818800
600145,24,9,110,No,O,662571
241272,21,7,72,Yes,M,158636
644837,23,5,81,Yes,M,745791
826317,32,8,84,No,M,717009
273435,30,8,55,Yes,M,443089
892022,25,7,118,No,F,82722
694180,46,8,82,Yes,M,681177
667597,52,5,120,No,F,797849
371787,35,5,59,No,M,570488
395893,27,8,46,No,M,495784
207973,38,6,57,No,F,128720
842272,22,9,94,Yes,M,602520
387059,28,9,40,No,M,71692
759176,25,8,42,No,M,687227
456453,42,8,54,No,F,71475
221283,49,5,104,No,M,422004
476201,35,9,36,Yes,M,822705
626500,35,9,63,Yes,M,766763
916919,55,9,55,No,O,874105
864138,23,7,88,No,M,916975
613697,60,6,88,No,M,509317
407798,26,9,118,No,F,582823
496515,60,5,42,No,O,99412
644801,31,7,34,Yes,M,511123
594768,33,6,82,No,M,233060
216300,57,6,65,Yes,M,422545
582810,28,6,55,No,M,976739
950194,35,5,77,No,O,549932
642775,44,7,41,No,O,449236
936984,45,6,93,Yes,M,879020
873484,22,6,70,No,O,769532
127694,33,7,59,No,F,111809
246423,42,7,115,No,M,128783
667244,49,7,120,No,F,603305
816372,55,6,74,No,F,280299
730429,26,6,34,No,O,734575
268718,31,8,89,No,M,444623
219547,54,5,37,No,F,319013
209685,59,5,104,No,F,689209
147824,23,5,119,Yes,M,531653
541433,56,6,117,No,F,463894
688173,32,6,78,No,F,90707
233704,43,5,120,No,F,256509
212853,56,6,100,Yes,M,821754
904312,60,6,86,No,O,760740
449489,44,7,118,No,F,408215
720656,33,5,90,No,O,188661
811444,23,9,52,Yes,M,548599
122269,43,6,64,No,F,574559
381963,45,7,81,No,F,928343
313051,60,5,94,No,M,667635
938067,51,5,101,Yes,M,857941
379665,53,5,89,Yes,M,99596
702443,22,7,100,No,F,771164
907184,47,9,95,No,F,900535
639765,29,6,49,No,F,432569
609230,35,6,103,No,F,712802
574426,35,5,99,No,M,915919
795932,44,6,104,No,F,793953
120649,22,9,58,Yes,M,945728
498560,20,7,40,No,M,314749
615706,60,7,83,No,M,930613
390412,38,8,91,No,F,880885
204066,41,9,65,No,F,1003580
185030,22,6,57,Yes,M,579698
597422,60,9,64,No,M,949050
867003,29,8,69,No,M,259470
337051,31,5,65,No,M,107201
300725,58,6,73,No,M,310306
805461,43,5,77,Yes,M,342335
554636,36,7,79,No,F,224884
142444,53,7,53,Yes,M,166534
470425,37,5,33,Yes,M,576176
327522,58,9,52,No,M,365042
127559,21,9,69,No,M,312080
338808,27,8,46,Yes,M,61885
133139,41,7,62,No,M,501989
778545,58,8,117,No,M,444604
448659,46,9,97,No,F,709312
960821,48,5,100,Yes,M,80659
420860,54,8,119,No,M,391159
362300,59,6,34,No,M,365206
382435,42,5,60,No,F,742519
627198,25,6,50,Yes,M,804877
308253,39,8,97,Yes,M,834281
444965,37,8,58,Yes,M,65363
560867,25,6,63,No,F,299706
303077,31,7,60,No,M,178442
690803,44,8,104,Yes,M,902666
847685,35,6,65,No,F,715759
137242,54,5,36,No,F,229064
747252,52,8,64,No,F,218405
349452,50,7,58,Yes,M,825869
175047,25,6,36,No,F,550851
260200,53,6,101,No,M,507015
997072,35,5,51,Yes,M,122558
495884,37,9,44,No,F,690322
347916,34,9,112,No,O,895230
576062,59,9,90,No,F,506447
837881,25,8,101,No,O,250240
125104,52,8,90,No,F,819025
650204,47,7,65,No,M,294389
646384,38,8,35,No,M,550360
746514,21,9,74,No,F,357416
554416,53,8,40,No,F,579160
841285,31,5,83,No,F,95620
116059,56,5,65,Yes,M,666463
773760,23,9,31,Yes,M,453517
613898,43,5,35,No,F,148577
819527,35,8,38,No,F,554454
999732,32,5,38,Yes,M,259095
703278,22,8,92,No,O,853840
364554,38,6,104,No,F,998893
143437,46,9,78,No,O,731799
538271,25,6,109,No,F,328549
697408,30,8,37,Yes,M,423370
902902,44,9,47,No,F,95812
322653,34,6,81,Yes,M,642718
426612,32,9,94,No,F,896377
541521,48,7,69,No,O,458504
655292,32,7,73,No,F,398412
189715,50,6,114,No,F,70639
530101,47,6,97,Yes,M,940555
146415,46,5,31,No,M,918056
529041,44,8,68,No,M,531446
225740,44,6,37,Yes,M,165461
199693,55,5,104,No,F,852793
549596,60,7,42,No,F,325505
524428,60,7,43,Yes,M,907254
903511,25,9,111,No,O,757504
142502,54,5,65,Yes,M,673115
153120,20,6,74,No,M,397312
225961,43,6,87,Yes,M,997364
781044,36,5,103,Yes,M,962295
200745,24,6,86,No,O,407465
278979,50,6,111,No,M,993806
874657,37,6,94,Yes,M,1001944
109771,51,6,75,No,F,64346
124886,20,9,106,No,F,551736
272896,52,6,120,Yes,M,308218
357323,55,7,75,No,F,699735
247006,29,8,42,No,M,804609
504089,27,8,120,No,O,442171
837718,29,9,32,No,O,495057
243829,59,8,92,No,F,935071
922966,37,6,32,No,F,516088
953474,42,7,66,No,F,134827
120279,31,8,105,No,F,419171
396136,35,8,91,No,F,802113
870177,37,7,102,No,F,1003345
149234,41,6,69,No,M,555521
511201,43,6,106,Yes,M,490520
512440,26,5,43,No,O,250981
475641,27,7,103,No,M,56290
964091,47,6,80,Yes,M,236457
400671,47,5,53,No,F,961848
133827,25,6,30,Yes,M,229594
367435,25,8,66,No,O,622777
370745,30,8,100,Yes,M,423815
755809,25,6,37,No,F,868106
662951,33,6,51,Yes,M,481550
985792,32,7,96,No,F,72955
506778,57,6,33,No,O,507652
295423,45,5,85,No,M,55857
851626,23,9,57,No,O,365527
513584,21,5,54,No,M,460927
855758,28,9,73,Yes,M,972177
892461,42,7,106,No,F,711256
764583,56,9,108,No,M,967016
166991,59,8,76,No,O,75327
427476,52,8,87,No,F,153702
940843,48,8,94,No,F,648637
384969,40,9,36,No,F,1000125
550644,29,8,54,Yes,M,194861
432828,28,5,107,No,O,352843
824336,44,5,96,No,F,536709
429589,49,9,50,Yes,M,306732
918717,54,5,67,No,F,225747
392091,34,6,108,No,O,475612
749160,57,6,67,No,M,722742
197851,50,8,84,Yes,M,829829
219457,48,9,108,No,M,666243
782508,55,5,64,No,M,465715
612382,53,8,107,No,F,574767
989060,53,7,106,Yes,M,114491
196404,27,9,34,No,M,116657
866786,47,9,88,No,F,549982
231758,56,9,117,No,F,295531
447671,37,9,55,Yes,M,359562
672708,28,9,65,No,F,147276
912811,56,5,47,No,M,124525
309715,21,6,104,No,F,610169
133619,32,6,99,No,M,431128
533976,49,9,108,No,F,426557
664368,44,8,41,No,F,120259
361298,26,9,70,No,F,322122
734729,35,9,87,No,M,163193
848916,22,6,104,Yes,M,314265
214073,31,9,64,Yes,M,938459
732752,22,9,52,No,O,321963
165983,56,6,30,No,O,959864
207316,36,5,30,No,O,530147
885439,39,5,30,No,M,745173
252680,53,5,83,No,F,702316
484936,51,5,64,No,F,979575
743313,35,5,105,No,F,836703
130706,40,8,115,No,F,636179
400201,39,7,73,Yes,M,465316
922768,38,5,44,No,F,995784
844312,55,7,39,No,O,644350
321216,37,7,113,No,F,99344
515117,58,9,46,No,O,199722
341894,26,9,120,No,F,975612
592423,23,8,35,No,M,748881
835387,45,7,38,Yes,M,910606
602568,35,8,67,Yes,M,205148
676199,60,7,59,Yes,M,564649
986452,39,7,52,No,F,820369
677880,20,9,103,No,O,176895
305560,47,5,44,Yes,M,772378
761917,60,9,103,No,O,863474
328866,25,6,95,No,F,632096
817082,39,8,97,Yes,M,579657
509656,33,6,90,No,F,850240
653532,57,6,100,No,F,770268
490560,53,7,44,No,F,226058
648866,34,7,49,Yes,M,159265
976807,44,9,64,No,F,313360
645318,44,8,106,No,F,335103
576076,60,5,32,No,M,742838
663434,39,8,32,No,F,483907
942092,38,7,65,No,M,606863
298433,52,8,53,No,M,674351
296759,53,8,100,No,F,187809
435795,39,8,48,No,M,71609
958604,28,9,38,No,F,266919
513809,33,7,78,No,F,379410
212718,60,6,45,No,M,932642
456149,57,5,106,Yes,M,1003110
889797,22,8,38,Yes,M,897920
561177,56,9,70,No,O,861785
539369,45,5,50,No,F,119446
219912,55,8,69,No,F,790708
112357,21,9,86,No,M,122359
279945,38,5,99,No,M,791840
221124,56,8,49,Yes,M,196349
162637,47,7,42,No,F,175943
746053,51,5,87,No,F,685943
376254,43,6,31,No,F,874439
750099,41,8,59,Yes,M,983876
957394,35,6,109,No,F,194193
795521,39,8,103,No,F,828303
614933,45,6,103,Yes,M,333754
665237,25,5,35,Yes,M,489671
941869,34,5,64,Yes,M,146035
886414,57,8,74,Yes,M,642722
905378,29,5,61,No,F,573598
674395,37,8,90,No,F,905188
213897,55,9,85,Yes,M,506994
214391,52,9,58,Yes,M,390088
610020,53,6,53,No,O,675736
589450,23,9,86,No,F,215362
231963,49,8,35,Yes,M,336894
481111,60,5,85,Yes,M,781131
688026,37,9,101,No,M,660829
420072,59,8,35,No,M,932830
135612,23,5,32,No,M,767821
850474,47,5,114,Yes,M,608734
861779,54,6,118,No,O,765017
887161,36,9,84,No,F,682545
109307,39,9,96,No,M,986032
104997,49,6,71,No,F,265485
897518,21,5,119,Yes,M,851817
718113,53,5,46,No,F,675782
405460,48,5,118,No,M,851246
206319,40,5,40,Yes,M,625078
496510,38,8,107,No,F,796542
533267,39,5,104,Yes,M,990396
834837,27,9,60,No,F,659134
415032,21,5,104,Yes,M,809033
948299,51,6,77,No,O,557204
409531,28,6,73,Yes,M,195261
334825,20,5,94,Yes,M,737357
492235,24,6,66,No,M,348066
335616,59,5,107,No,O,200468
258034,27,9,97,Yes,M,867685
215612,58,5,87,No,F,532269
677669,40,5,80,No,M,66115
740788,32,8,53,Yes,M,834592
478627,43,7,116,No,M,671742
141870,58,6,51,No,F,927075
431250,35,9,120,No,F,859919
256331,46,6,34,No,F,462874
218163,36,7,65,No,O,706306
573722,35,5,33,Yes,M,294860
419195,39,8,80,No,F,737132
730722,26,6,87,Yes,M,403738
358641,25,8,66,No,F,798297
590072,38,7,58,No,F,118502
430778,29,7,56,No,O,320159
729646,47,5,95,Yes,M,882894
476156,44,6,36,No,M,376076
281297,45,9,76,No,F,469010
731167,32,7,36,No,F,442598
230273,60,5,68,Yes,M,864498
830132,27,9,52,No,M,988348
441315,43,7,64,No,M,866411
635499,31,8,108,No,M,215464
833871,37,5,41,No,M,264092
607507,37,6,103,No,F,256512
793726,28,9,63,No,F,855586
283947,60,9,117,No,F,592814
758177,49,6,65,Yes,M,572397
562814,46,6,99,No,F,753705
433543,37,8,111,No,M,372384
270159,48,5,117,No,F,508177
362713,56,9,62,No,F,366222
634046,52,6,85,Yes,M,83838
673887,28,6,74,No,M,147921
958918,48,8,94,Yes,M,462190
193963,35,6,47,No,M,476563
948192,41,8,41,Yes,M,937658
313682,35,5,69,No,M,854835
852268,29,6,94,No,M,890122
436931,56,5,42,No,F,957351
881575,45,5,39,No,F,891523
357374,57,7,39,No,F,699503
984379,50,8,35,No,F,132018
643041,43,5,44,No,O,614328
387859,44,8,105,No,O,147025
932338,54,6,97,Yes,M,249833
537201,53,9,103,No,M,95568
969972,31,7,33,Yes,M,952412
343443,38,6,70,No,F,649627
934104,33,5,82,No,M,745630
453463,51,8,60,No,F,675258
448112,58,7,117,No,F,268225
287719,33,9,71,No,F,441568
488017,24,6,77,Yes,M,346023
183214,50,6,107,No,M,262084
423238,41,7,97,No,O,802495
514827,36,9,63,Yes,M,560580
189001,25,9,47,No,M,807495
964747,27,7,94,No,M,533596
108688,31,7,40,Yes,M,875349
136920,25,8,38,No,O,119557
243375,43,6,87,Yes,M,861587
605664,21,7,59,No,M,179014
571644,55,5,118,Yes,M,552931
705809,52,5,36,Yes,M,434381
649265,40,6,62,Yes,M,301831
802789,35,8,43,No,F,744534
215837,40,9,111,Yes,M,134046
917556,27,5,68,No,M,306386
841044,30,9,106,Yes,M,257124
321376,38,5,83,No,F,483074
686093,42,7,62,Yes,M,385805
587540,56,5,50,No,O,982035
981750,59,9,88,No,M,308236
205679,54,7,106,No,M,99977
198651,41,8,32,No,F,392077
730920,28,6,98,No,M,316173
855801,56,5,75,No,F,1000259
746584,56,5,110,Yes,M,935822
882625,58,8,41,No,M,349970
377385,27,9,66,No,F,214746
976237,57,6,93,No,M,405526
900952,20,8,59,Yes,M,499886
686409,53,9,48,No,F,514752
717383,24,6,120,No,M,484743
493822,39,7,67,No,M,832971
565703,60,9,89,Yes,M,126532
220133,56,7,65,No,F,142047
224975,37,5,63,No,M,878002
127792,44,5,117,Yes,M,127999
424062,23,8,55,No,F,712003
830208,43,9,49,Yes,M,634761
352493,49,5,106,No,O,68182
296370,38,7,94,No,F,442135
974800,22,5,60,Yes,M,789222
321923,43,6,119,Yes,M,738510
190778,20,9,52,No,F,102754
818113,60,8,32,No,M,395388
991829,43,5,32,Yes,M,739287
563096,52,6,56,No,F,328639
727762,24,9,93,Yes,M,827042
219797,28,6,49,No,F,954259
255322,23,7,112,No,O,438574
564553,56,9,73,Yes,M,552622
455937,30,8,44,No,O,571769
722837,52,5,39,No,M,622406
528290,29,5,31,No,M,878231
753781,57,6,95,No,F,768458
553448,60,9,32,No,F,310584
715793,31,6,35,No,F,830411
291144,47,6,83,No,O,257721
370237,47,8,57,No,M,441657
211683,47,9,33,No,F,537306
859110,59,5,99,No,M,528112
295981,43,9,108,Yes,M,524163
378717,50,7,95,No,F,84902
409963,53,5,93,No,O,161695
954684,21,5,37,Yes,M,765623
744047,27,8,93,No,F,142832
927978,47,9,117,No,F,445304
905113,50,9,99,Yes,M,340069
264570,41,7,52,No,F,369641
980716,55,6,90,Yes,M,81530
777601,55,9,104,Yes,M,530931
542055,59,8,49,No,F,733404
171561,38,9,76,No,M,99984
387005,39,8,106,No,F,974420
851576,32,5,104,No,O,311006
473874,44,6,31,No,F,744584
451010,51,9,52,No,F,286964
160614,34,9,110,No,F,905569
654263,41,6,44,No,F,159411
564795,48,5,50,Yes,M,877257
261481,59,8,39,No,F,380516
640651,44,7,117,Yes,M,454754
172527,45,7,61,No,F,243293
606327,46,8,108,No,F,251713
116228,44,5,75,No,F,623321
672373,28,7,34,No,M,642978
111131,57,5,102,No,M,68874
666643,34,7,31,No,F,230212
802435,34,7,84,No,M,484415
865355,38,7,60,No,F,103640
302159,26,9,82,No,F,550176
262016,38,5,79,No,F,859207
602834,45,6,37,Yes,M,578386
613675,38,5,74,No,F,795413
407979,50,9,87,Yes,M,745989
988900,52,9,98,No,O,303581
428646,54,7,36,Yes,M,443164
316037,21,6,109,No,F,723109
893422,34,6,34,No,F,268983
548695,45,6,107,No,F,258175
215604,60,5,49,No,F,230147
536080,43,6,88,No,O,329017
336404,22,8,72,No,F,330143
696301,60,6,78,No,F,308927
261826,40,9,105,No,F,852143
662516,30,8,97,No,O,395187
564329,26,8,80,Yes,M,933368
191696,50,6,33,Yes,M,328848
377548,30,8,54,No,F,245260
703674,33,9,84,No,M,326392
504653,37,7,118,No,F,627449
118772,43,6,94,Yes,M,332290
730716,57,9,37,No,F,788280
254799,60,7,74,No,O,134478
452356,54,6,58,No,F,299078
654861,48,5,115,No,F,819749
815708,44,5,57,No,M,87362
135916,45,8,113,Yes,M,838343
505110,35,9,118,No,F,590196
802114,21,5,56,No,F,768673
205659,46,8,101,No,F,94484
728022,22,8,105,No,F,387405
887359,27,8,118,No,F,937353
210716,45,9,103,No,F,646502
268987,40,6,41,No,F,605234
264527,60,6,66,Yes,M,983702
654878,24,7,86,No,M,798646
627977,47,7,114,No,F,516681
121642,58,5,61,No,O,794760
236972,51,6,88,Yes,M,503777
267710,60,5,79,No,F,497418
343504,24,7,110,No,M,132429
577992,28,5,70,No,O,335508
321961,46,7,55,Yes,M,277815
716201,25,8,85,No,M,718606
327774,52,8,45,No,M,823684
101546,21,6,70,Yes,M,576987
650345,23,9,85,No,M,758069
429967,55,6,90,No,F,422822
745331,57,7,67,No,F,287121
674086,28,9,61,Yes,M,358367
139240,48,9,45,No,O,217965
357040,53,5,40,No,F,409348
506034,22,5,113,No,F,828787
738507,48,9,81,No,F,816035
633843,42,6,46,No,M,939015
536582,30,5,35,Yes,M,202668
343875,41,5,45,No,M,542007
505141,48,8,109,No,F,804793
728171,41,9,105,Yes,M,159774
545354,28,9,41,No,F,148060
420414,43,9,44,No,M,860763
331587,44,5,120,No,F,716019
820089,37,5,111,No,F,413208
538326,41,7,82,Yes,M,921417
203009,43,9,57,Yes,M,542669
181378,32,7,107,Yes,M,282564
979673,30,6,51,No,F,842135
761520,53,9,34,No,F,698383
155838,48,8,44,Yes,M,676372
454594,21,5,111,No,O,620854
509282,30,5,86,No,O,287887
232044,41,8,69,No,M,217180
653981,49,5,36,No,F,712294
492878,40,6,54,No,F,281880
121285,27,7,46,Yes,M,192046
996942,51,8,77,Yes,M,734989
283372,57,7,93,No,F,725103
406622,22,7,84,Yes,M,685675
577884,46,8,88,Yes,M,134028
782597,22,7,104,No,F,500285
998677,23,7,70,No,F,288896
913028,59,8,72,Yes,M,472350
768529,33,9,112,No,O,793892
760184,38,6,36,Yes,M,609969
261455,59,5,63,No,F,872342
704387,34,8,53,No,M,470261
752525,36,7,99,No,M,715077
622102,51,8,118,No,F,356142
358422,37,5,83,No,M,302336
103039,30,7,90,No,F,667853
609731,58,6,113,No,M,934378
121346,39,7,100,No,F,87123
502596,40,9,73,Yes,M,113248
382348,33,6,114,No,F,870147
934710,37,8,51,No,F,621142
580230,37,6,83,Yes,M,621109
917766,20,8,109,Yes,M,82948
728488,57,8,95,No,F,395402
446655,39,6,65,No,M,252079
276954,41,6,100,No,O,651872
870046,34,5,86,Yes,M,421309
953348,42,6,120,No,O,596351
511008,20,8,110,No,F,236462
738706,47,7,106,No,O,159533
102231,26,6,111,No,F,669562
858890,24,7,45,Yes,M,707145
222761,59,5,109,Yes,M,972386
884683,59,9,103,No,M,934148
744783,47,9,60,No,F,102244
740077,25,7,80,No,M,819713
251266,54,8,60,No,O,161085
193460,47,5,51,No,O,353081
468792,57,5,52,No,F,433289
839930,36,8,38,Yes,M,960510
603475,44,5,84,Yes,M,955159
279404,20,7,91,Yes,M,136298
437912,24,7,59,No,F,448874
634471,21,6,36,Yes,M,1004155
982921,41,9,71,Yes,M,696500
890208,43,8,39,No,F,902347
752713,45,8,94,No,M,190836
465291,51,5,97,Yes,M,721862
361068,60,8,93,No,F,152041
603416,33,6,115,No,F,115959
996477,52,8,67,No,F,116745
903078,35,5,43,Yes,M,213215
538104,31,6,61,Yes,M,316391
799770,48,9,77,No,F,300215
877493,24,6,93,No,F,954304
942224,45,8,118,Yes,M,390153
995301,30,9,116,No,F,813159
621660,22,5,69,No,M,179334
409923,29,8,35,Yes,M,152581
554940,21,8,120,Yes,M,201777
238035,41,6,96,No,M,1002306
392660,34,8,73,Yes,M,690453
469210,35,9,114,No,M,918198
492977,41,5,96,No,F,939613
177606,56,7,52,No,M,187595
697616,25,7,39,Yes,M,681766
223090,47,5,116,Yes,M,192395
953169,54,7,53,Yes,M,592046
323258,29,9,33,No,O,696318
900822,39,6,36,No,O,952128
648650,27,7,31,Yes,M,117324
191810,39,7,118,No,F,497872
338658,55,7,35,No,F,585263
621095,32,8,51,No,M,695563
224954,50,6,99,No,F,810729
430458,53,5,114,No,F,399138
999141,23,9,35,No,F,171131
263429,25,8,77,Yes,M,948034
848979,32,6,104,Yes,M,973756
727422,46,5,77,Yes,M,637947
492021,37,8,78,No,F,315196
375538,25,6,32,No,F,780389
173569,20,5,84,No,F,771988
706606,29,7,65,No,M,238744
283713,29,5,77,Yes,M,490847
876853,51,7,56,No,M,888982
362119,21,7,61,Yes,M,161366
893445,51,7,48,Yes,M,360006
586898,30,6,100,No,F,281598
637849,35,6,37,No,F,526026
655306,25,8,42,No,M,455917
922634,43,9,98,Yes,M,841322
418993,28,7,115,No,M,883249
589982,40,5,94,No,F,625138
253369,32,9,118,Yes,M,120338
340716,60,6,120,No,M,429185
424057,29,8,74,No,M,821426
280666,55,7,58,No,O,831955
144079,29,7,104,No,M,396451
792962,24,5,120,No,F,299268
327643,34,8,74,Yes,M,331385
384340,49,7,41,No,F,143436
212004,22,6,70,No,F,824172
817964,20,7,115,Yes,M,104792
258650,41,9,91,Yes,M,259909
957618,32,7,101,Yes,M,371833
983790,28,8,79,No,F,855406
545427,25,8,30,No,M,81972
159407,28,8,62,No,F,353760
173820,25,9,73,No,F,442595
972282,40,9,63,No,F,824348
695443,54,7,89,No,F,648229
984506,35,7,77,Yes,M,314805
364721,38,7,85,No,F,457146
262387,53,8,47,Yes,M,486009
831695,47,7,56,No,F,597518
557592,20,5,116,Yes,M,248805
637475,59,8,69,No,F,516694
818215,33,7,118,No,F,846963
139572,22,5,35,No,O,471634
423013,51,5,78,No,F,992915
811423,50,8,52,No,M,281069
174338,46,5,66,Yes,M,829368
460771,23,6,116,No,M,931323
829496,20,9,39,Yes,M,568260
370993,45,5,32,Yes,M,453713
775980,54,9,117,No,F,470245
995673,21,5,102,No,F,896831
455299,57,7,103,No,F,607597
154085,47,6,48,Yes,M,548172
396054,41,7,108,No,M,199751
221289,41,6,44,No,F,656720
245188,60,7,46,No,F,125819
378524,49,6,116,No,F,443269
206554,47,8,67,No,F,608153
827305,37,6,90,Yes,M,990352
345933,29,5,71,No,F,393713
566060,52,8,53,Yes,M,866771
746974,25,6,97,Yes,M,409189
847233,29,5,47,Yes,M,704076
320404,54,6,92,No,M,441426
656211,58,8,39,No,F,364375
551764,35,8,47,No,F,518147
393568,57,8,61,Yes,M,470217
889277,49,9,78,No,M,990647
836673,53,7,106,No,F,482304
607922,40,5,65,Yes,M,469329
969001,51,9,98,No,F,420191
696850,52,6,59,No,F,368005
159448,22,5,57,No,F,757557
122906,36,5,68,Yes,M,235145
919305,59,9,55,No,F,889447
447967,59,8,42,No,F,147946
375286,33,7,37,No,O,873817
121985,49,7,104,No,F,87756
322993,54,7,60,Yes,M,487618
171201,36,8,83,No,F,87287
352210,23,6,101,No,F,302180
266051,20,6,41,No,M,686877
888054,30,5,37,No,F,938158
126517,53,8,62,No,M,729812
670352,54,9,102,No,F,425321
694510,20,8,72,Yes,M,244973
342393,56,9,48,No,F,396354
487324,58,8,30,No,M,770281
482686,55,5,61,No,F,938780
343573,45,7,85,No,M,930838
691715,36,8,64,No,M,927749
660692,31,6,31,No,F,803095
827732,37,5,99,Yes,M,93270
642083,60,8,111,No,F,475585
212285,55,8,51,No,F,992670
937500,39,9,99,No,M,877536
137724,25,8,69,No,F,332109
730691,24,9,90,No,F,737386
405387,53,9,59,No,F,314324
393997,35,5,98,No,M,940585
476570,31,5,63,No,F,364480
619070,50,9,72,Yes,M,352936
977371,32,9,111,No,F,279139
391966,53,7,83,No,F,613156
471140,56,8,116,Yes,M,142782
644259,20,5,83,No,F,838338
284155,20,6,115,No,O,845031
916632,30,7,112,Yes,M,135407
675304,54,7,101,No,M,466855
336250,24,9,113,Yes,M,555591
841524,38,5,56,Yes,M,660114
217991,34,5,99,Yes,M,731789
574562,31,6,84,Yes,M,610162
879389,28,8,81,No,O,668088
243484,30,9,69,Yes,M,575411
343456,60,6,91,No,F,144809
980839,37,7,66,Yes,M,558630
187373,28,5,80,No,F,163712
543316,48,9,70,Yes,M,937938
215375,22,8,57,No,F,583239
930004,36,7,106,No,F,757295
592223,24,6,76,Yes,M,410478
283911,45,9,55,Yes,M,726988
895082,48,5,76,No,F,912002
273258,44,8,77,No,M,87696
251171,47,9,63,No,M,969467
554416,40,8,37,No,M,769614
536851,34,7,46,No,O,349937
727859,39,8,37,No,M,814782
172638,36,9,32,Yes,M,716644
159061,53,6,101,Yes,M,71142
503458,57,8,59,No,F,275855
456357,36,6,43,Yes,M,130393
905611,60,6,53,No,F,226673
565817,40,6,33,No,F,848454
393782,36,6,106,No,M,870307
708107,40,6,65,No,M,660764
896366,50,5,59,No,F,789515
661901,23,5,115,Yes,M,363203
184344,33,5,33,No,F,894341
208677,34,7,68,No,M,576060
808272,35,8,37,No,F,434266
816013,57,7,120,Yes,M,832799
600605,54,7,38,No,O,128032
713914,35,6,52,No,F,57929
566294,27,9,45,No,F,175713
639601,39,9,63,Yes,M,335207
582102,33,6,42,Yes,M,431707
201310,46,7,52,Yes,M,154482
498836,36,6,37,No,M,402222
834654,49,6,112,No,F,863838
600582,49,9,50,No,F,682493
667253,42,9,86,Yes,M,716045
901974,21,6,36,No,F,224176
223849,53,9,34,No,O,479410
863421,34,8,61,No,F,72131
764949,31,7,109,Yes,M,159068
612225,51,8,73,Yes,M,371696
355882,53,9,39,No,F,570503
574867,36,7,99,Yes,M,132792
732570,47,9,56,No,M,294670
715226,35,7,69,No,O,388324
620059,54,6,103,Yes,M,662110
559686,33,5,74,Yes,M,481892
886293,31,8,89,No,F,781692
454528,43,6,114,Yes,M,108915
639123,54,5,114,No,F,274491
974448,51,6,70,No,F,232127
707704,29,8,36,Yes,M,329817
786815,60,6,114,Yes,M,275151
350477,39,5,57,No,O,661206
722224,42,5,53,No,F,988207
755119,25,7,111,Yes,M,575596
756044,57,9,114,Yes,M,174851
811168,51,6,42,No,F,277436
102996,47,6,107,No,F,151310
176677,35,9,49,Yes,M,459132
505550,46,7,86,No,F,951123
111967,44,7,56,No,F,904653
761257,38,5,69,No,O,153583
750437,38,7,76,No,M,509042
375557,52,8,51,No,F,677427
693485,48,9,42,Yes,M,821516
451514,55,9,104,No,F,675042
175385,60,7,55,No,F,362659
678390,33,6,115,No,M,536009
133800,28,8,75,No,M,462332
781330,47,5,106,Yes,M,347333
540293,51,8,90,No,O,456732
221505,51,5,35,No,F,214632
394851,36,8,63,Yes,M,282002
993448,52,6,33,Yes,M,446592
376371,54,6,52,Yes,M,150840
866193,58,8,46,Yes,M,453170
424795,34,9,35,No,M,339043
807043,41,6,73,Yes,M,756199
688560,52,8,33,No,O,60260
741244,39,9,53,Yes,M,539474
839050,47,5,92,No,O,631632
494535,36,8,79,No,F,254886
665804,54,6,61,No,M,502706
199217,51,9,81,No,F,181716
446895,47,9,35,No,F,693148
728042,58,9,74,No,F,842963
869439,42,8,70,Yes,M,740238
792068,42,5,97,No,M,279484
911078,55,6,83,No,O,196371
406845,56,5,58,No,M,297040
558150,29,8,66,Yes,M,634500
468975,49,8,113,Yes,M,192258
393382,33,9,35,No,F,112510
592219,43,5,119,No,F,205706
339661,54,7,65,No,M,55274
322924,33,8,100,No,O,407573
370070,50,5,107,No,F,960592
381366,49,7,89,No,F,269074
593756,51,9,43,No,F,349591
631226,33,9,111,No,M,495441
437043,47,5,54,Yes,M,681720
491318,58,5,41,Yes,M,839281
786905,46,7,33,No,F,415024
939735,20,5,92,Yes,M,436713
145342,47,6,34,No,F,133927
998686,33,5,110,No,F,581568
600544,42,6,30,No,F,587215
385092,22,8,63,No,M,667938
328107,56,7,65,No,F,901086
917388,52,8,99,Yes,M,464180
266484,26,6,63,No,F,971503
665766,25,9,67,Yes,M,655202
153089,53,6,108,No,M,873873
966347,55,8,50,No,F,389799
541279,50,5,40,Yes,M,208847
294214,47,6,44,No,F,89647
287412,28,6,76,Yes,M,922897
106405,40,7,74,No,M,199717
850260,58,9,91,Yes,M,465015
571610,58,8,36,No,M,679049
736332,35,9,63,No,O,603085
518743,58,5,37,Yes,M,735128
288259,45,8,37,No,O,174263
402909,35,7,56,No,M,810781
833804,41,7,112,Yes,M,402828
277617,25,9,43,Yes,M,98819
969773,41,5,54,No,F,162551
692221,29,7,116,No,M,153644
918571,21,5,111,No,M,813807
146853,57,9,37,No,O,94512
281007,48,5,48,Yes,M,134957
463442,50,8,82,No,F,297821
829764,20,5,32,No,F,901227
561066,33,9,69,Yes,M,235577
318384,21,5,86,No,F,756721
676281,46,9,51,No,O,528357
208571,37,6,64,No,F,856050
352159,39,8,51,No,M,702324
995858,54,8,92,No,F,188247
431914,50,5,86,Yes,M,695470
803377,29,9,55,No,O,557637
760790,28,6,96,No,M,592088
205192,24,6,94,Yes,M,363068
113296,40,8,87,Yes,M,335468
680987,24,5,47,No,M,932454
289641,31,8,52,No,F,704375
191880,44,8,95,No,M,751243
286154,42,6,55,No,F,94757
940397,28,7,100,Yes,M,67623
883499,28,7,51,No,F,345451
978639,53,6,114,No,F,148490
115056,26,7,67,No,F,815085
303144,50,5,56,No,O,963968
958855,49,8,74,No,F,663451
349350,60,8,35,No,F,60841
801066,55,5,90,No,F,477857
217011,49,5,30,No,O,277877
640569,32,7,115,Yes,M,539621
853313,24,8,37,Yes,M,534862
493220,35,7,70,Yes,M,310792
494903,49,7,98,No,F,841340
512214,58,9,99,No,M,979980
580772,32,8,39,No,F,354563
164371,44,7,105,No,M,468986
994886,25,8,78,No,O,989846
645062,45,9,94,No,M,572975
290314,27,5,105,No,M,322663
742868,48,9,47,No,F,914148
534154,20,9,94,Yes,M,249898
696736,52,9,98,No,O,253738
728133,44,8,57,No,F,590434
869811,44,5,115,No,F,954739
673679,22,8,64,Yes,M,163640
139516,23,7,75,No,M,910594
247980,57,9,118,No,F,253000
938555,51,7,51,No,M,886099
553250,30,9,107,Yes,M,131518
138839,23,5,99,Yes,M,317847
650912,53,5,62,No,F,114628
962775,50,9,97,No,M,808607
290082,54,6,62,Yes,M,984469
273694,60,9,96,No,F,308809
603764,42,8,99,No,F,594876
514026,29,5,74,Yes,M,87059
801046,54,7,73,Yes,M,219176
937326,31,6,80,No,F,361506
128953,25,5,61,Yes,M,554234
758216,30,6,41,Yes,M,954993
225292,23,9,115,No,O,373804
423098,53,9,112,No,F,322160
217091,54,6,38,Yes,M,724079
331956,50,6,115,Yes,M,329206
790113,40,5,90,Yes,M,678093
145432,22,9,107,Yes,M,390248
662868,30,5,30,Yes,M,992169
522394,56,7,59,Yes,M,581688
136596,35,5,101,No,F,598916
608491,27,7,88,No,O,735307
368605,24,7,115,Yes,M,471988
169520,56,6,66,No,M,524146
326705,40,6,59,No,F,422420
433953,50,8,67,No,F,292322
119559,43,8,50,Yes,M,291879
520690,58,7,98,No,F,500907
681225,59,9,43,No,M,525166
555083,57,6,83,Yes,M,171472
998579,43,7,98,Yes,M,816374
383875,44,9,119,No,M,75252
989975,43,9,90,No,F,155248
469918,51,5,45,Yes,M,602442
951383,35,8,50,No,F,874619
920334,42,5,48,No,F,677362
940634,49,6,86,No,F,985397
819609,42,9,71,Yes,M,733804
823753,33,6,117,No,F,197741
885341,58,6,42,No,F,833337
562300,60,6,61,No,F,113318
899618,40,7,120,No,F,553068
158123,43,5,56,No,F,296038
571963,36,5,105,No,F,386193
444359,27,5,114,No,F,57816
631051,34,9,88,No,F,477273
302155,45,6,67,No,F,450967
851142,42,6,60,No,M,995370
692376,36,7,46,No,F,968182
895392,53,8,75,No,F,742594
484818,28,5,93,No,O,919069
875334,34,8,90,No,F,735968
779045,46,8,108,No,F,728345
904509,41,7,76,No,F,442431
732372,30,7,104,No,M,500030
133826,56,6,65,No,F,544058
710151,23,9,117,No,M,354893
448388,52,9,118,Yes,M,924029
225581,49,9,63,Yes,M,923995
381377,54,6,83,Yes,M,283638
467818,41,5,83,No,M,797901
178390,50,5,119,No,O,108245
233745,50,5,111,Yes,M,890098
987650,20,5,40,No,O,116613
840386,20,9,113,Yes,M,731449
421875,58,7,67,Yes,M,155951
306715,33,8,117,No,F,692520
933134,29,9,90,No,F,192331
232475,23,8,119,No,M,465832
859159,38,8,74,Yes,M,650142
643320,47,5,103,No,F,494171
152855,30,5,64,No,M,751306
818245,59,7,76,No,F,581050
905146,38,7,56,Yes,M,433185
707016,29,6,76,Yes,M,836893
138668,22,7,82,Yes,M,509078
534082,44,5,50,No,M,543102
739147,58,5,119,No,F,188743
774679,49,8,89,No,F,87325
389525,33,6,59,No,F,70410
708906,60,9,96,No,M,168774
783303,44,9,32,No,F,93918
186423,21,5,102,No,M,766643
667065,41,7,32,No,M,885537
351239,49,8,58,No,M,725512
873303,39,5,39,No,M,848370
362586,41,9,66,Yes,M,763722
825169,24,7,57,No,F,434182
660670,24,8,67,Yes,M,332884
310522,57,5,45,Yes,M,762571
947471,54,7,33,Yes,M,759348
372240,35,7,108,No,F,70275
993115,37,6,104,Yes,M,143393
162784,48,7,38,Yes,M,88449
608961,51,6,88,No,O,325861
876512,41,6,37,No,F,116039
148598,48,8,49,No,M,246292
151248,32,7,88,No,F,726614
234822,34,7,56,Yes,M,965212
179696,60,7,52,No,F,146727
454219,31,6,95,Yes,M,957911
961053,42,6,104,No,M,229460
638953,31,8,34,No,M,720409
962852,42,6,83,Yes,M,711576
258649,23,9,56,No,M,985757
723271,26,6,116,No,M,1002510
288398,44,7,51,No,F,524181
835957,26,9,81,No,F,813563
187324,60,9,68,No,F,520941
822191,28,9,73,No,M,133087
152739,32,5,65,No,M,327967
373140,30,6,46,No,F,783327
692689,41,5,59,No,F,634113
523338,58,9,97,No,O,171674
333855,23,5,96,No,F,661856
689340,53,7,112,Yes,M,487295
513500,52,5,45,No,F,245395
725614,57,9,63,No,F,312967
335740,52,6,38,Yes,M,189396
568225,54,6,68,No,F,560956
337438,59,7,118,No,F,300493
523863,43,7,105,Yes,M,131397
222453,37,8,119,No,M,734076
343919,37,6,56,No,F,614337
606124,34,6,109,Yes,M,996185
677283,42,9,99,No,M,325687
566435,29,6,53,Yes,M,902441
334657,45,9,62,No,F,193037
413644,40,7,33,Yes,M,462007
648731,52,6,98,No,F,682031
323471,20,5,79,No,F,929820
335677,20,9,96,No,F,979122
984264,29,9,111,No,F,725724
292498,44,8,44,No,F,359215
673968,25,8,53,No,F,211745
407798,24,5,77,No,F,873683
910394,42,9,56,No,F,263038
794534,33,7,62,No,M,394794
412083,23,5,34,Yes,M,283875
466922,25,6,64,No,M,981280
493634,35,5,100,No,F,947992
473603,46,7,62,Yes,M,436064
119841,38,6,56,No,O,242847
735179,56,9,101,Yes,M,143846
165543,55,8,47,No,F,513487
831100,55,5,69,No,F,680868
490118,38,9,103,No,O,814455
909577,24,8,59,No,F,561711
493488,54,7,71,No,F,841885
966732,34,7,91,Yes,M,819124
707324,20,5,32,No,F,653913
948639,23,5,64,No,M,346833
349329,29,8,118,Yes,M,205301
350601,49,9,95,No,F,813963
193724,46,8,88,No,F,527868
165989,52,5,108,Yes,M,112489
808118,41,9,61,No,F,301394
433670,29,7,45,No,M,876721
977807,34,7,74,Yes,M,906399
467474,22,6,30,Yes,M,858667
265366,48,5,80,No,F,108763
877453,56,9,31,No,F,760293
608745,52,6,65,No,O,948254
527916,22,7,76,No,F,672256
861565,52,9,52,No,F,584685
182547,59,8,87,Yes,M,508334
138903,60,5,75,Yes,M,219134
603134,40,6,116,Yes,M,709634
889871,38,9,73,No,O,61559
662390,34,5,64,No,M,590872
769218,50,7,101,No,M,825882
963530,41,6,45,No,M,252897
135189,27,6,80,No,M,984314
315400,38,5,105,No,F,99495
401316,24,6,88,Yes,M,73307
285423,43,5,66,No,F,463794
140122,55,9,116,Yes,M,855493
641894,43,8,56,No,F,777495
767033,58,6,33,No,F,819460
587576,41,7,103,Yes,M,227831
263693,30,8,102,No,F,821604
300576,35,5,81,No,M,88066
262881,36,8,111,Yes,M,829751
761349,54,9,120,No,F,538658
957108,47,8,77,No,M,962731
345797,47,5,76,Yes,M,437951
315897,23,7,84,No,F,807907
668143,59,9,72,No,F,338963
147679,49,6,39,No,F,1000385
901995,49,9,106,No,M,416907
951372,40,6,40,No,F,536866
245517,27,6,55,No,M,655755
912101,53,9,83,Yes,M,115626
196381,50,6,42,No,F,387205
301979,55,5,90,No,O,172249
234779,46,6,114,No,F,575968
932971,22,5,35,No,M,64284
371415,36,6,47,No,F,818464
486416,58,9,80,No,F,862321
813768,30,5,52,Yes,M,67340
685829,39,5,63,No,F,775824
447783,57,8,43,No,F,688570
390280,25,6,69,No,F,205955
667590,25,7,43,No,F,303414
703071,40,6,100,No,F,536267
292764,26,8,110,Yes,M,467688
802883,53,9,99,No,O,803841
905217,57,8,68,No,F,375284
870299,26,6,30,Yes,M,846158
524888,44,8,112,No,O,474956
673475,49,8,57,Yes,M,751437
850474,44,5,71,No,F,118570
163515,47,5,52,Yes,M,608719
724863,55,7,101,Yes,M,310717
281771,55,5,75,No,F,185752
988957,24,9,57,No,O,284814
971346,50,5,76,Yes,M,697937
136250,59,6,76,No,O,990713
952580,20,6,109,No,F,126223
969713,26,8,98,No,M,347351
605968,57,8,54,No,F,215469
257918,26,8,65,No,F,217742
531705,57,8,36,No,F,142238
957987,27,6,34,No,M,963038
549369,47,8,87,Yes,M,718719
910524,45,8,50,No,M,255207
190046,28,5,81,No,F,390755
614926,56,7,62,Yes,M,819522
657251,55,5,55,No,M,521831
713165,60,8,62,No,F,894079
133790,30,9,120,No,F,879262
230672,54,6,70,Yes,M,317127
882552,60,6,38,No,F,783738
250246,37,9,114,Yes,M,501526
359332,20,9,118,No,F,272265
314224,31,5,79,Yes,M,633197
751578,36,9,35,Yes,M,810116
364530,31,9,110,Yes,M,603281
869357,20,8,68,No,O,776720
485818,53,8,106,No,M,95059
419694,45,9,74,Yes,M,970810
964568,25,9,72,No,M,84348
326838,28,6,74,Yes,M,309566
470191,57,5,71,No,F,88847
809958,30,5,106,No,F,291212
436002,29,5,76,No,F,346456
638516,31,9,98,No,F,184002
862337,57,7,63,Yes,M,673963
690296,27,7,33,No,M,190847
329222,26,5,52,No,F,101360
938959,45,9,90,No,F,130503
264218,40,9,83,No,M,103744
185901,31,9,74,Yes,M,75996
686249,24,7,96,No,F,596086
262402,32,5,105,Yes,M,754393
459442,32,9,44,No,F,496107
162125,31,8,120,No,M,102673
923447,32,8,56,No,F,433185
266688,35,9,56,No,F,315796
841475,58,7,44,Yes,M,652154
714904,35,8,96,No,M,991920
295259,47,8,45,Yes,M,226827
810957,55,8,36,No,M,311679
496053,52,5,83,No,F,592280
472816,24,5,68,Yes,M,756608
335782,58,5,56,Yes,M,822057
227349,26,7,34,No,M,636229
496120,44,9,113,No,O,727093
631479,20,7,42,No,M,336931
551919,29,8,78,No,M,925233
192793,34,7,65,Yes,M,821652
167681,43,6,40,Yes,M,282442
685430,36,8,82,No,O,147005
793360,51,8,49,No,M,573166
941046,33,7,32,Yes,M,361086
452923,46,6,39,Yes,M,377079
671344,41,6,90,Yes,M,917787
937666,40,8,118,No,O,894155
235528,52,5,86,No,F,613651
100734,41,5,82,No,M,436178
879563,24,8,53,Yes,M,355909
810964,20,5,40,No,F,152778
794456,46,6,63,No,F,675614
719648,37,5,95,No,F,486997
874545,55,8,91,No,F,471188
876082,48,9,44,No,F,276909
356893,52,9,119,No,F,496430
149962,46,7,34,Yes,M,173482
819940,46,7,87,No,F,446556
878723,22,5,104,No,F,828993
492841,30,9,83,No,F,558751
373868,53,8,115,No,F,693348
457973,59,6,92,No,F,772515
671601,48,8,68,No,F,243074
803037,52,9,91,No,F,466482
659271,49,9,59,No,F,776896
172428,43,8,113,No,F,179537
663689,32,6,97,Yes,M,786562
